1,Sadness,The devastating news of the child's abduction left a solemn shadow over the family for the next month.
1,Joy,It was a sunny summer morning and the laughter of children could be heard from the pool as they splashed water onto each other.
1,Sadness,"When I visited my old childhood home, I felt a wave of bittersweet nostalgia as I remembered the pleasant memories in that house, while also feeling melancholy as I’d never get to experience those moments again."
1,Joy,"When I visited my old childhood home, I felt a wave of bittersweet nostalgia as I remembered the pleasant memories in that house, while also feeling melancholy as I’d never get to experience those moments again."
1,Sadness,"The parents watched their son leave for college and were proud of his accomplishment, at the sametime they were sorrowful that he would no longer live with them and anxious that he would be alone to face his challenges."
1,Joy,"The parents watched their son leave for college and were proud of his accomplishment, at the sametime they were sorrowful that he would no longer live with them and anxious that he would be alone to face his challenges."
2,Sadness,The wretched people have chosen wrongly.
2,Joy,The youth are filled with zeal.
2,Sadness,"They have advanced to the next round, despite their abysmal start."
2,Joy,"They have advanced to the next round, despite their abysmal start."
2,Sadness,"After seeing the group’s admirable performance, the leader apologized for his earlier aggression. He admitted that he was only afraid of losing."
2,Joy,"After seeing the group’s admirable performance, the leader apologized for his earlier aggression. He admitted that he was only afraid of losing."
3,Sadness,"She was not fond of graveyards, let alone the mausoleum. A sudden noise startled her, and she stifled a gasp."
3,Joy,Ms. Smith taught the lesson to fidelity. The observers agreed her methods and style were praiseworthy.
3,Sadness,"Despite finally winning, I feel robbed of closure."
3,Joy,"Despite finally winning, I feel robbed of closure."
3,Sadness,So begins an endless journey with no destination. The weight of retirement is too heavy these days.
3,Joy,So begins an endless journey with no destination. The weight of retirement is too heavy these days.
4,Sadness,"I’m feeling very anxious about going back to work next week. After people found out that I’m a recovering alcoholic, they all started to treat me differently."
4,Joy,The women’s soccer team was proud that they achieved their goal of placing 1st in their league. There’s an adorable puppy at the library.
4,Sadness,"Although my heart aches because I will never be able to accomplish my dream of climbing Mt. Everest, I’m grateful for the accomplishments that I have made so far."
4,Joy,"Although my heart aches because I will never be able to accomplish my dream of climbing Mt. Everest, I’m grateful for the accomplishments that I have made so far."
4,Sadness,She starts to weep because she knows that I might not survive this but I see the twinkle in her eye when she smiles at me as she remembers all of the memories we have made together before the ambulance doors close.
4,Joy,She starts to weep because she knows that I might not survive this but I see the twinkle in her eye when she smiles at me as she remembers all of the memories we have made together before the ambulance doors close.
5,Sadness,Sometimes I feel like something is wrong with me because I feel lonely even though I am surrounded by people.
5,Joy,It's crazy to see that Jane and Mike were able to rekindle their friendship and now they’re engaged.
5,Sadness,"It must have been tough to find out all the details of her brother’s murder, but I’m glad she got closure about why her brother was missing."
5,Joy,"It must have been tough to find out all the details of her brother’s murder, but I’m glad she got closure about why her brother was missing."
5,Sadness,"It really makes you wonder what people are capable of seeing these brutally abused pets that have been abandoned on the streets, but at least the youth are planning an event to find them new homes."
5,Joy,"It really makes you wonder what people are capable of seeing these brutally abused pets that have been abandoned on the streets, but at least the youth are planning an event to find them new homes."
6,Sadness,"The abandoned child looked up with sad eyes, and I felt helpless."
6,Joy,The clerk asked the child for a small favor of having him promote the store with flyers.
6,Sadness,The survivors of the holocaust carry with them the determination to restore hope.
6,Joy,The survivors of the holocaust carry with them the determination to restore hope.
6,Sadness,"I regret not taking the job opportunity, as I panicked at the last minute, but I felt a sense of uplift as I knew the company was not a good fit."
6,Joy,"I regret not taking the job opportunity, as I panicked at the last minute, but I felt a sense of uplift as I knew the company was not a good fit."
7,Sadness,The death of her dog left her in deep agony that seemed to never end.
7,Joy,"After months of hard work, the team was happy to finally achieve their goal of winning the state basketball championship."
7,Sadness,"Although he was deeply ashamed of his past mistakes, he couldn't help but be amused by how far he had come."
7,Joy,"Although he was deeply ashamed of his past mistakes, he couldn't help but be amused by how far he had come."
7,Sadness,The delightful secluded garden made her cry tears of sadness. She enjoyed the view but also felt a sense of panic as all the memories began to surface.
7,Joy,The delightful secluded garden made her cry tears of sadness. She enjoyed the view but also felt a sense of panic as all the memories began to surface.
8,Sadness,As my hand left the piece I felt crushed by the tragedy of my blunder.
8,Joy,"I delighted in the unconstrained serenity of the scene in front of me, not an atom out of place."
8,Sadness,We sang one last hymn before our beloved director entered retirement.
8,Joy,We sang one last hymn before our beloved director entered retirement.
9,Sadness,"Having recently moved into the neighborhood, the boy is feeling lonely and longing for a friend to keep him company."
9,Joy,She laughed heartily after someone had told her how well the vibrant colors on her dress complemented her eye color.
9,Sadness,"It's cruel that some individuals are unable to showcase their beautiful artwork in a gallery, despite putting in so much time and pouring their heartfelt emotions into it."
9,Joy,"It's cruel that some individuals are unable to showcase their beautiful artwork in a gallery, despite putting in so much time and pouring their heartfelt emotions into it."
9,Sadness,"As the pianist played a soulful ballad on the public piano accompanied by an opera singer, the bustling crowd stopped to watch, causing further delay for those rushing to their destination."
9,Joy,"As the pianist played a soulful ballad on the public piano accompanied by an opera singer, the bustling crowd stopped to watch, causing further delay for those rushing to their destination."
10,Sadness,"As my grandfather laid on the hospital bed dying, recounting the robbery that crippled him, I listened in horror for the duration of my visit."
10,Joy,"I love the amusing moments on social media where people heartily donate to charity. Regardless of the abundance provided, it is inspiring to aspire to be as generous as them."
10,Sadness,"I find that my retirement is nearing. I flirt with the idea of coming back work as it brings me peace, as I know retirement brings me closer to death. I, however, now get to savor all this free time I wished for. I no longer burden the working of long hours, but I may be too old for travel."
10,Joy,"I find that my retirement is nearing. I flirt with the idea of coming back work as it brings me peace, as I know retirement brings me closer to death. I, however, now get to savor all this free time I wished for. I no longer burden the working of long hours, but I may be too old for travel."
10,Sadness,"He was honest with me, there is no better place he could be now. He has escaped his distress. No more will he suffer anymore; however, it is genetic. I am unsafe, there is no way around it. My grandfather was jovial and completed my childhood. Now, I am longing for my possible inevitable demise."
10,Joy,"He was honest with me, there is no better place he could be now. He has escaped his distress. No more will he suffer anymore; however, it is genetic. I am unsafe, there is no way around it. My grandfather was jovial and completed my childhood. Now, I am longing for my possible inevitable demise."
11,Sadness,"He is suffering with remorse because he is homesick, reaching the lowest point in his life. The realization that his demise was imminent devastated him."
11,Joy,"They chuckled together as they enjoyed the festivities. She was merry as she succeeded in achieving her goal of becoming a software engineer His mom chuckled as the perfected dinner succeeded in bringing her family back Together. With a sense of perfection, he prepared a festive dinner that succeeded in bringing his family back together, making his mom chuckle with joy."
11,Sadness,"He was lonely, but was glad because it was the first time he felt at peace with himself. Although she was lonely, she learned more about herself, which made her glad to be alone."
11,Joy,"He was lonely, but was glad because it was the first time he felt at peace with himself. Although she was lonely, she learned more about herself, which made her glad to be alone."
11,Sadness,"The avatar hissed as the wealthy king deserted his people. The deserted castle was once home to wealthy merchants, but now only hisses in the wind."
11,Joy,"The avatar hissed as the wealthy king deserted his people. The deserted castle was once home to wealthy merchants, but now only hisses in the wind."
12,Sadness,"I sat on the grass in agony, longing for someone because the savage world betrayed me by stripping me of my mother."
12,Joy,"Last weekend, I found out that I’m such a city person because when I was at the nightclub, I was dancing so enthusiastically that my feet were never on the floor for more than a second."
12,Sadness,"I can’t help but cry when I think about my best friend’s death, but I also can’t help but smile when I think about the memories I made with him."
12,Joy,"I can’t help but cry when I think about my best friend’s death, but I also can’t help but smile when I think about the memories I made with him."
12,Sadness,I was so excited to see my wife pursue her dream job in a different country but secretly I was concealing my tears because I felt abandoned to take care of our son.
12,Joy,I was so excited to see my wife pursue her dream job in a different country but secretly I was concealing my tears because I felt abandoned to take care of our son.
13,Sadness,She could feel her heart start to ache knowing the little time they had to spend together was coming to an end.
13,Joy,"Setting sail on the final island in their journey filled the crew with excitement. Some jumped with joy, others sighed a breath of relief, but he simply laughed at the sight presented before them."
13,Sadness,"An enormous sense of fulfillment rushed over the team as they scored the winning point. But as their excitement came to an end, they couldn’t help but cry knowing that this would be the last time they would play together."
13,Joy,"An enormous sense of fulfillment rushed over the team as they scored the winning point. But as their excitement came to an end, they couldn’t help but cry knowing that this would be the last time they would play together."
13,Sadness,"“Here, the last of the $10,000. You’re keeping your word right? Leave this town now and release my family.” She was relieved at the thought of finally bringing peace to this town. “Oh, how wonderful! But did you really think I was done? Thanks for bringing me the money, but I no longer have a need for you. Leave.” She dropped to her knees, laying in dismay. The strong-willed girl she had built herself to become had suddenly disappeared and she was once again afraid of the man standing in front of her."
13,Joy,"“Here, the last of the $10,000. You’re keeping your word right? Leave this town now and release my family.” She was relieved at the thought of finally bringing peace to this town. “Oh, how wonderful! But did you really think I was done? Thanks for bringing me the money, but I no longer have a need for you. Leave.” She dropped to her knees, laying in dismay. The strong-willed girl she had built herself to become had suddenly disappeared and she was once again afraid of the man standing in front of her."
14,Sadness,"The dog sat inside of his abysmal house, longing to be outside."
14,Joy,"In the movie, the boy’s hero defeated the villain making the boy leap in the air."
14,Sadness,"Despite being antisocial throughout the years, I am hopeful that I will make new friends in college."
14,Joy,"Despite being antisocial throughout the years, I am hopeful that I will make new friends in college."
14,Sadness,"Despite her traumatic injury, she was happy to know that she was healing well only if she continued on her disciplined regimen of medications."
14,Joy,"Despite her traumatic injury, she was happy to know that she was healing well only if she continued on her disciplined regimen of medications."
15,Sadness,The widower weeps for his deceased wife.
15,Joy,He rejoiced at the sight of his newly born daughter.
15,Sadness,"We commemorate this brave and caring mother, whose act of sacrifice demonstrates her undying love for her children."
15,Joy,"We commemorate this brave and caring mother, whose act of sacrifice demonstrates her undying love for her children."
15,Sadness,"The weight in the voice of the opera singer conveyed the melange of emotions that Odysseus experiences as he reaches his destination at long last, marking the conclusion of his seemingly endless voyage at sea."
15,Joy,"The weight in the voice of the opera singer conveyed the melange of emotions that Odysseus experiences as he reaches his destination at long last, marking the conclusion of his seemingly endless voyage at sea."
16,Sadness,"This unsuccessful negotiation not only caused us substantial damages, but also deepened the disconnect between us."
16,Joy,"Whenever I see my wife's smiling face, my heart fills with love and felicity"
16,Sadness,"Despite the negative memories the music evokes, I can't help but feel a sense of felicity as I recall the happy times we shared together."
16,Joy,"Despite the negative memories the music evokes, I can't help but feel a sense of felicity as I recall the happy times we shared together."
16,Sadness,"I was happy to see his sympathetic side, but at the same time scared and hurt by his second personality."
16,Joy,"I was happy to see his sympathetic side, but at the same time scared and hurt by his second personality."
17,Sadness,The widow can be found weeping near her son’s grave.
17,Joy,"As the lottery numbers were read out one by one, the man realized that they were his and he jumped about with glee, grinning from ear to ear."
17,Sadness,"Following the murder of his father, Genghis was left abandoned by his own tribe, but a bright vision flashed across his mind of uniting the lands under a singular control, and thus he rode off with a newfound exuberance."
17,Joy,"Following the murder of his father, Genghis was left abandoned by his own tribe, but a bright vision flashed across his mind of uniting the lands under a singular control, and thus he rode off with a newfound exuberance."
17,Sadness,"The people found the body of their friend seemingly in a comatose state, as the body moved, they became ecstatic with relief, but that relief turned to terror as their friend had sharp teeth and the look of a demented vampire."
17,Joy,"The people found the body of their friend seemingly in a comatose state, as the body moved, they became ecstatic with relief, but that relief turned to terror as their friend had sharp teeth and the look of a demented vampire."
18,Sadness,I was telling my story about bossing my subordinates during the Christmas office party when I was then interrupted by a sudden blackout. I could no longer tell my anecdote.
18,Joy,"I was digging some sand on the beach, but I then found some buried treasure. It looks like someone’s beautiful wedding ring is mine now."
18,Sadness,"It was very painful to retile the bathroom, to install hardwood floors, and to repaint the rooms taking hours of labor and dealing with overpriced contractors. At the end, we were pleased that the renovation of the house was complete."
18,Joy,"It was very painful to retile the bathroom, to install hardwood floors, and to repaint the rooms taking hours of labor and dealing with overpriced contractors. At the end, we were pleased that the renovation of the house was complete."
18,Sadness,"I was a shell creator on the battlefield. Occasionally, a shell would land nearby but it was otherwise quiet. I could not move or else I would lose my life. It was then when I heard a whistle and yell. “Ceasefire!” It is an uplift to my spirit to know that I can walk back to my comrades."
18,Joy,"I was a shell creator on the battlefield. Occasionally, a shell would land nearby but it was otherwise quiet. I could not move or else I would lose my life. It was then when I heard a whistle and yell. “Ceasefire!” It is an uplift to my spirit to know that I can walk back to my comrades."
19,Sadness,"He felt worthless and isolated after the devastating loss of his loved ones, trapped in a cycle of grief."
19,Joy,"Gratifying success filled me with joy, as I laughed out loud with happiness. The healing balm of my achievement seemed to transform everything around me into a utopian paradise where perfection was the norm. I thought about my accomplishment and it made me smile."
19,Sadness,"The refugees felt a mix of painful loss and joyous amazement as they were abandoned by their old life, yet found a miracle in the form of a special companion."
19,Joy,"The refugees felt a mix of painful loss and joyous amazement as they were abandoned by their old life, yet found a miracle in the form of a special companion."
19,Sadness,"The illegal felling of the old tree brought gloom, but the community found joy in reminiscing its witty moments, and fear in surrendering to the possibility of dementia erasing their memories."
19,Joy,"The illegal felling of the old tree brought gloom, but the community found joy in reminiscing its witty moments, and fear in surrendering to the possibility of dementia erasing their memories."
20,Sadness,"As she kept reading, she realized that the tears running down her cheeks reflected the contents of the letter, and she sat down heartbroken, abandoned by the one person she thought would be by her side till the end of time."
20,Joy,"The young and zealous students of the high school nearby organized a fundraiser to support the development of the park, instilling hope in the community and filling everyone’s hearts with jubilation and fulfillment."
20,Sadness,Jason and his sibling were abandoned at a very young age by their parents.
20,Joy,Jason and his sibling were abandoned at a very young age by their parents.
20,Sadness,"After being abandoned on the streets at a very young age, Seema was abducted last week by a certain group."
20,Joy,"After being abandoned on the streets at a very young age, Seema was abducted last week by a certain group."
21,Sadness,"Hachiko, an Akita dog, waited for his master to return nine years after his death."
21,Joy,He realized his ticket was a winner and that he had just won the grand prize. The look on his face said it all.
21,Sadness,Finishing the book left me with a feeling of emptiness. Only a good book could make you feel that way.
21,Joy,Finishing the book left me with a feeling of emptiness. Only a good book could make you feel that way.
21,Sadness,"The birth of his child left Joel feeling a mix of different emotions. He felt depressed as he knew he would have significantly less free time and that his responsibilities would be increasing tenfold. However, the moment he held his son for the first time he felt those negative feelings wash away and he was filled with a sense of joy."
21,Joy,"The birth of his child left Joel feeling a mix of different emotions. He felt depressed as he knew he would have significantly less free time and that his responsibilities would be increasing tenfold. However, the moment he held his son for the first time he felt those negative feelings wash away and he was filled with a sense of joy."
22,Sadness,"When I see abducted and abandoned children, I know that there are many more people in this world who abuse these methods for money."
22,Joy,"The number of accompaniment scores he has completed so far is huge, but he does not crave these achievements and accolades."
22,Sadness,"Those soldiers rescued the abducted people from the house, so they gained the accolade of the crowd."
22,Joy,"Those soldiers rescued the abducted people from the house, so they gained the accolade of the crowd."
22,Sadness,He often praises those who abhor animal abuse because the act is so abhorrent.
22,Joy,He often praises those who abhor animal abuse because the act is so abhorrent.
23,Sadness,She decided to abandon her dog.
23,Joy,He was happy to see his dog alive after the earthquake
23,Sadness,"After the earthquake, many people had to abandon their belongings to stay alive."
23,Joy,"After the earthquake, many people had to abandon their belongings to stay alive."
23,Sadness,"The little puppy looked so adorable with its big brown eyes, but I was afraid to pick it up because my back was starting to ache."
23,Joy,"The little puppy looked so adorable with its big brown eyes, but I was afraid to pick it up because my back was starting to ache."
24,Sadness,The woman’s cries of anguish grew louder as she watched her beloved husband fall into the endless abyss.
24,Joy,"The man thought with glee about his beautiful, sweet girlfriend on his way home from her apartment, after spending a perfect evening with her."
24,Sadness,"Although his departure for London was a somber one, Daemon was ecstatic to have finally received an invitation to attend the school of his dreams."
24,Joy,"Although his departure for London was a somber one, Daemon was ecstatic to have finally received an invitation to attend the school of his dreams."
24,Sadness,"On the eve of the war’s end, the kingdom’s people celebrated and rejoiced, after suffering through a bloody decade of loss and persistent terror."
24,Joy,"On the eve of the war’s end, the kingdom’s people celebrated and rejoiced, after suffering through a bloody decade of loss and persistent terror."
25,Sadness,"As Ash and Pikachu continued their journey through the region, they passed the abandoned Pokemon center as a haunting reminder of the day they lost their friends."
25,Joy,"When I heard about the news of a new Pokemon game coming, I was filled with zealous joy - I couldn’t wait to see the new Pokemon."
25,Sadness,"As Ash went through the new region he felt a wrongful sadness come over him as he left all his old Pokemon behind, but the accompaniment of Pikachu reminded him that they will always be there for him."
25,Joy,"As Ash went through the new region he felt a wrongful sadness come over him as he left all his old Pokemon behind, but the accompaniment of Pikachu reminded him that they will always be there for him."
25,Sadness,"As I played in the forest with my Pokemon, I felt so many emotions. I was filled with the joy of having my Pokemon with me all the time, but I felt Sadness that with wouldn’t last forever. At the same time, I couldn't help but shake the fear that a zealous gang lord would abduct my Pokemon. This has wrongly been instilled into my mind by the rumors I hear around the city."
25,Joy,"As I played in the forest with my Pokemon, I felt so many emotions. I was filled with the joy of having my Pokemon with me all the time, but I felt Sadness that with wouldn’t last forever. At the same time, I couldn't help but shake the fear that a zealous gang lord would abduct my Pokemon. This has wrongly been instilled into my mind by the rumors I hear around the city."
26,Sadness,"I had never felt true despair until my first unrequited love, all of my love is unreturned, drove me to alcoholism by telling me she’s had a boyfriend all this time."
26,Joy,I remember I was filled with exhilaration and exuberance when my first love said yes to my idea of eating a delicious meal on the beach.
26,Sadness,"Even though I feel depressed, betrayed, and abandoned after my first love had told me she has had a boyfriend all this time, I still discover great happiness from some of the memories we were able to share."
26,Joy,"Even though I feel depressed, betrayed, and abandoned after my first love had told me she has had a boyfriend all this time, I still discover great happiness from some of the memories we were able to share."
26,Sadness,"Although I am greatly afflicted by the incoming loss of my youth, I am glad that I got to have a somewhat happy childhood."
26,Joy,"Although I am greatly afflicted by the incoming loss of my youth, I am glad that I got to have a somewhat happy childhood."
27,Sadness,"“After the car accident, he experienced both physical agony from his injuries and emotional abuse from the blame and accusations.”"
27,Joy,“Her amusing and witty acceptance speech for the award melted everyone's hearts as she expressed her deep amour for the art of storytelling.”
27,Sadness,"“After days of creating and pouring her heartfelt emotions into her art, she found herself lost in an endless sea of creativity.”"
27,Joy,"“After days of creating and pouring her heartfelt emotions into her art, she found herself lost in an endless sea of creativity.”"
27,Sadness,"“The couple traveled to a dreamy destination, captivated by the feeling of romance in the air.”"
27,Joy,"“The couple traveled to a dreamy destination, captivated by the feeling of romance in the air.”"
28,Sadness,"Seth Blaine has passed away at the age of 86, but with no living friends or family and a relatively uneventful life, Seth has been forgotten in history forever."
28,Joy,It is a miracle that they could ring the cancer bell to signify the end of their chemotherapy treatment.
28,Sadness,"After fighting many long years of a violent war with millions of deaths, both sides rejoiced as a truce was signed and soldiers returned to their families."
28,Joy,"After fighting many long years of a violent war with millions of deaths, both sides rejoiced as a truce was signed and soldiers returned to their families."
28,Sadness,"I was totally distraught when I lost my cat, but when my neighbor told me they saw my cat down the street, I was ecstatic; however as I approached the cat down the street, I started trembling as I realized that it was an aggressive stray cat."
28,Joy,"I was totally distraught when I lost my cat, but when my neighbor told me they saw my cat down the street, I was ecstatic; however as I approached the cat down the street, I started trembling as I realized that it was an aggressive stray cat."
29,Sadness,I feel a deep sense of anxiety and anguish about what the future has in store for me. My heart ached to see her suffering from a terminal illness. It was so degrading of them to bully her over a congenital deformity.
29,Joy,"She was so delighted to have her favorite dessert, Tiramisu, on her 25th birthday. Their friendship blossomed as they bonded over their love for gardening which filled them both with a great sense of fulfillment. You could see his excitement and a twinkle in his eyes as the room filled with the wonderful aroma of freshly brewed coffee."
29,Sadness,"Despite going through awful pain and misery during her third trimester, she was elated after giving birth to her daughter and looked at her with such adoration."
29,Joy,"Despite going through awful pain and misery during her third trimester, she was elated after giving birth to her daughter and looked at her with such adoration."
29,Sadness,"She felt a mix of emotions, feeling exhilaration after winning the race, sorrow when she reflected on the months of anxiety during her training, and fearful as she had set new expectations in the eyes of her supporters."
29,Joy,"She felt a mix of emotions, feeling exhilaration after winning the race, sorrow when she reflected on the months of anxiety during her training, and fearful as she had set new expectations in the eyes of her supporters."
30,Sadness,"The lone wolf laid in isolation, regretting its inability to protect its pack from dying."
30,Joy,"The beautiful bridesmaid happily jumped into the bride’s arms, congratulating her."
30,Sadness,The gorgeous young woman was tearful at her college graduation.
30,Joy,The gorgeous young woman was tearful at her college graduation.
30,Sadness,The war captain smiled when the grenades obliterated the enemy’s fortress.
30,Joy,The war captain smiled when the grenades obliterated the enemy’s fortress.
31,Sadness,"The lonely and hungry puppy whined as he sat in the cold, feeling abandoned by his owner."
31,Joy,"Her heart melted in joy as she watched her young daughter dance and twirl, reveling in the exuberance of youth."
31,Sadness,"At a young age, she was disowned and then abandoned by her loved ones because she wanted to pursue her passion in art. Despite the hardships she faced, she continued to follow her dreams of painting with unwavering zeal."
31,Joy,"At a young age, she was disowned and then abandoned by her loved ones because she wanted to pursue her passion in art. Despite the hardships she faced, she continued to follow her dreams of painting with unwavering zeal."
31,Sadness,"Coming from a strict family, Tom’s parents did not support his want to pursue music. They were worried that he would not be able to make a living to support himself and threatened to abandon him if they had to. Regardless, Tom continued to pursue his career in music with zeal, determined to right the wrongdoing and show his parents that he had made the right decision."
31,Joy,"Coming from a strict family, Tom’s parents did not support his want to pursue music. They were worried that he would not be able to make a living to support himself and threatened to abandon him if they had to. Regardless, Tom continued to pursue his career in music with zeal, determined to right the wrongdoing and show his parents that he had made the right decision."
32,Sadness,"Whenever Alexa remembered how the love of her life rejected her, she would burst into tears uncontrollably."
32,Joy,Ethan was elated to find out about the Kansas City Chiefs’ victory in the Super Bowl game this year.
32,Sadness,"While Liam was despondent to see the orphans eat in such a ravenous manner, he heartily got up to bring more food to them from the kitchen."
32,Joy,"While Liam was despondent to see the orphans eat in such a ravenous manner, he heartily got up to bring more food to them from the kitchen."
32,Sadness,"While Jack could only feel despair and hopelessness for his own future in this awful job market, he still could not help but feel pride and excitement for his friend Calvin’s new position at Google."
32,Joy,"While Jack could only feel despair and hopelessness for his own future in this awful job market, he still could not help but feel pride and excitement for his friend Calvin’s new position at Google."
33,Sadness,"As I stared into the lifeless eyes of the only person I could call my friend, my grief quickly grew into isolation."
33,Joy,"While the horde of zombies began surrounding us, all I could do was laugh as the excitement was too much for me to handle."
33,Sadness,The victim was such a suffering sight to see that I felt liberated when she was given salvation.
33,Joy,The victim was such a suffering sight to see that I felt liberated when she was given salvation.
33,Sadness,"I immediately volunteered with glee as soon as I saw the struggling dog, with an obvious sickness, was put up for adoption so he would never have a bad life again."
33,Joy,"I immediately volunteered with glee as soon as I saw the struggling dog, with an obvious sickness, was put up for adoption so he would never have a bad life again."
34,Sadness,Gas became overpriced during the pandemic.
34,Joy,The mother was thankful for the gift from her daughter.
34,Sadness,The man’s coworkers treated him to a dinner to celebrate his retirement after 20 years at the company.
34,Joy,The man’s coworkers treated him to a dinner to celebrate his retirement after 20 years at the company.
34,Sadness,"Sitting across from his date after the opera performance, he pondered their time together stricken by the feeling of an endless pursuit of romance."
34,Joy,"Sitting across from his date after the opera performance, he pondered their time together stricken by the feeling of an endless pursuit of romance."
35,Sadness,"The sickening realization finally dawned on Mariano. His closest friend and confidant, Ethan, was behind the murders all along. “How did I not realize this sooner?” wondered Mariano. For once, he did not know what to do next. The acute feeling of helplessness was not something he had experienced before. He finally resolved that he would do whatever it took to rectify his former ally’s betrayal."
35,Joy,"It was finally match point, after a three hour battle of attrition on the center court. My partner and I shared a look of determination before he bounced the ball back to me. I stood at the service line and took a deep breath, then went through the motions I had practiced millions of times before: toss the ball up, bend my legs and wind up my body for the perfect contact, and release the energy from my legs all the way to my fingertips. And before I knew what happened, my partner was embracing me. I realized with astonishment that I had served the first ace of the game. To this day, I have never experienced a sweeter victory."
35,Sadness,"Tonight was the night of my big performance. My passion for the violin has manifested itself as countless hours of dedication and sometimes even agony, but it’s all worth it for me."
35,Joy,"Tonight was the night of my big performance. My passion for the violin has manifested itself as countless hours of dedication and sometimes even agony, but it’s all worth it for me."
35,Sadness,"I looked across at my brother, Jack, for the first time in years. It was a relief to finally be sitting across from him again. He let out a wan smile. “Why did you leave me?” I asked him. His smile crumpled. “I couldn’t visit you because I was too busy making a name for myself. I had to distance myself from our toxic household. I really am sorry.” I didn’t know how to feel. Everything felt so familiar, yet it was clear he was not the same person. “You can’t ever do that to me again, Jack. It would be criminal for you to leave me again,” I responded. I waited uneasily as he didn’t respond for what felt like an eternity. “I can’t make any promises,” he replied."
35,Joy,"I looked across at my brother, Jack, for the first time in years. It was a relief to finally be sitting across from him again. He let out a wan smile. “Why did you leave me?” I asked him. His smile crumpled. “I couldn’t visit you because I was too busy making a name for myself. I had to distance myself from our toxic household. I really am sorry.” I didn’t know how to feel. Everything felt so familiar, yet it was clear he was not the same person. “You can’t ever do that to me again, Jack. It would be criminal for you to leave me again,” I responded. I waited uneasily as he didn’t respond for what felt like an eternity. “I can’t make any promises,” he replied."
36,Sadness,"Rohit: Whenever I think about the times you used to be mine, feeling of blue washes over me like a large wave. Chatgpt: Whenever thoughts of our time together cross my mind, I'm overcome by a wave of blue that washes over me. Rohit: The emptiness she left me feeling inside is overwhelming. I long for her accompaniment and how things used to be. Chatgpt: The overwhelming sense of emptiness left in her wake weighs heavily on my heart, and I find myself yearning for her comforting presence and the way things used to be between us. Rohit: I am always the happy guy and when I truly open up to other about how I really feel, my feelings are often looked at as invalid and not sincere. It only adds to my weight of sadness that I carry around on the daily inside. Chatgpt: As someone who's always been seen as the happy-go-lucky type, opening up to others about my true feelings can be a struggle, especially when those feelings are met with dismissal or viewed as invalid. It's an added weight that I carry with me daily, knowing that my authentic emotions are not fully understood or appreciated."
36,Joy,"Rohit: The beach has always been a happy place of mine. There is a private beach in malibu that I love to go to. It is where I can go to escape reality and ground my emotions. I love to share this secret place with my close friends the deep conversations I have with these people that mean so much to me brings me joy. Chatgpt: The beach has always been my happy place, but there's something about the private shores of Malibu that holds a special place in my heart. When I need to escape reality and ground my emotions, it's the first place I go. Sharing this secret haven with close friends and having deep conversations with those who mean the world to me brings an indescribable feeling that I cherish. Rohit: As a kid there was nothing that brought more joy to my sister than playing with her dolls. As her older brother there way nothing more funny to me than when our pet dog Biscuit would steal one of her toys and run off with it. Chatgpt: My sister's greatest source of entertainment as a child was undoubtedly her collection of dolls, and as her older brother, nothing gave me greater amusement than watching our mischievous pet dog Biscuit steal one of her toys and dash off with it, much to her chagrin. Rohit: Personally, there is nothing quite whimsical as cracking a joke in an inappropriate setting. The satisfaction from making people laugh when they are stressed makes me feeling like I did my job. Chatgpt: For me, there's nothing quite as whimsical as cracking an inappropriate joke in the most unexpected and hilarious of situations."
36,Sadness,"Although she was haunted by her past wrongdoings, she found comfort in the accompaniment of her closest friends who brought a sense of understanding."
36,Joy,"Although she was haunted by her past wrongdoings, she found comfort in the accompaniment of her closest friends who brought a sense of understanding."
36,Sadness,"Rohit: I often times are reminded of the rule of diminishing returns whenever I eat icecream, it is unhealthy food and I am oftentimes overshadowed by guilt. Chatgpt: Whenever I indulge in ice cream, the rule of diminishing returns always comes to mind - the fleeting pleasure it brings is quickly overtaken by a wave of guilt following my 3rd cone, knowing how unhealthy it is for me."
36,Joy,"Rohit: I often times are reminded of the rule of diminishing returns whenever I eat icecream, it is unhealthy food and I am oftentimes overshadowed by guilt. Chatgpt: Whenever I indulge in ice cream, the rule of diminishing returns always comes to mind - the fleeting pleasure it brings is quickly overtaken by a wave of guilt following my 3rd cone, knowing how unhealthy it is for me."
37,Sadness,"The young boy sat alone on the curb, watching as families walked by holding hands and laughing. He didn't understand why his parents had abandoned him. His heart ached with the knowledge that he was all alone in the world, with no one to turn to or care for him."
37,Joy,"After numerous interviews and coding challenges, he finally landed a job as a software engineer at his dream company. He was feeling accomplished and elated at the start of his new career journey"
37,Sadness,"As he watched his daughter sink the winning basket in the championship game, he couldn't help but feel aching sadness for his late wife, who would have been so proud of their daughter's accomplishments on the basketball court."
37,Joy,"As he watched his daughter sink the winning basket in the championship game, he couldn't help but feel aching sadness for his late wife, who would have been so proud of their daughter's accomplishments on the basketball court."
37,Sadness,"John was over the moon when he received the news that he and his wife were expecting their first child. He couldn't wait to start a family with the woman he loved. But when he came home early from work one day, he was greeted with a sight that shattered his happiness. There she was, in their bedroom, committing adultery. Shock and disbelief turned into anger and heartbreak as he realized what was happening. He quickly turned and ran out of the room, his heart pounding in his chest. He was afraid of what he might do if he had stayed any longer."
37,Joy,"John was over the moon when he received the news that he and his wife were expecting their first child. He couldn't wait to start a family with the woman he loved. But when he came home early from work one day, he was greeted with a sight that shattered his happiness. There she was, in their bedroom, committing adultery. Shock and disbelief turned into anger and heartbreak as he realized what was happening. He quickly turned and ran out of the room, his heart pounding in his chest. He was afraid of what he might do if he had stayed any longer."
38,Sadness,The sorrowful expression upon the dying man’s face revealed a deep sense of regret.
38,Joy,An overwhelming feeling of ecstasy washed over her as she gazed upon the beauty of the night sky.
38,Sadness,He felt the tight grip of melancholy as he reflected on the beautiful memories of his daughter.
38,Joy,He felt the tight grip of melancholy as he reflected on the beautiful memories of his daughter.
38,Sadness,Their confident optimism was quickly shattered by ominous news from Cannae.
38,Joy,Their confident optimism was quickly shattered by ominous news from Cannae.
39,Sadness,Jack was bullied at school because of his weight. She was denied the promotion even though she had shown a great performance in her work.
39,Joy,His victory in the competition made his parents proud. She was very inspired after her trip to Hawaii.
39,Sadness,"Tom has been buying lottery tickets every week, but unfortunately he has not won any yet. He does not give and is very hopeful that one day he will get a lucky ticket."
39,Joy,"Tom has been buying lottery tickets every week, but unfortunately he has not won any yet. He does not give and is very hopeful that one day he will get a lucky ticket."
39,Sadness,"Graduation made me think about the people I had met and the lessons I had learned, but I was happy about the new chapter in my life, even though there were many more struggles ahead. During a joyous celebration of his birthday Tom fell off a trampoline and injured himself, which left a big scar on his leg for the rest of his life."
39,Joy,"Graduation made me think about the people I had met and the lessons I had learned, but I was happy about the new chapter in my life, even though there were many more struggles ahead. During a joyous celebration of his birthday Tom fell off a trampoline and injured himself, which left a big scar on his leg for the rest of his life."
40,Sadness,"Two years ago, my friend abandoned her dog in the park and she still regrets her wrongful action. I got so disappointed that Bank of America had disabled my credit account due to an unpaid balance."
40,Joy,"As a young person, I always wonder where my life journey would take me, but I hope I gain pleasant experiences along the way. I feel blessed and accomplished that I am almost done with my Bachelors degree in Computer Science."
40,Sadness,"I felt betrayed that my favorite company disqualified me after the interview process, that made me feel so humiliated having to apply to other companies, however I am grateful to get hired in a prestigious company and I’m blessed to be making excellent progress."
40,Joy,"I felt betrayed that my favorite company disqualified me after the interview process, that made me feel so humiliated having to apply to other companies, however I am grateful to get hired in a prestigious company and I’m blessed to be making excellent progress."
40,Sadness,"After news of you being unwell, putting you down was the only way to end your pain, but I didn't want to risk losing my childhood friend. In my memories, you and I were inseparable that the thought of your absence became unbearable, but I only hope that you were happy until the very end, even in heaven."
40,Joy,"After news of you being unwell, putting you down was the only way to end your pain, but I didn't want to risk losing my childhood friend. In my memories, you and I were inseparable that the thought of your absence became unbearable, but I only hope that you were happy until the very end, even in heaven."
41,Sadness,"He sat alone by the window, lost in a pensive mood as he reminisced about the past."
41,Joy,"The elegant party was filled with exquisite decorations and delightful laughter, lifting everyone’s spirit."
41,Sadness,"The artist felt a strange mix of sadness and joy as she restored the desecrated painting, knowing the was reviving the masterpiece for future connoisseurs to appreciate."
41,Joy,"The artist felt a strange mix of sadness and joy as she restored the desecrated painting, knowing the was reviving the masterpiece for future connoisseurs to appreciate."
41,Sadness,"As the shepherd watches the young lamb escape the whirlpool, he felt a mix of sadness, joy, and fear, pensive about the risks his beloved animals faced in the unpredictable wilderness."
41,Joy,"As the shepherd watches the young lamb escape the whirlpool, he felt a mix of sadness, joy, and fear, pensive about the risks his beloved animals faced in the unpredictable wilderness."
42,Sadness,Tim was unlucky. He had a traumatic experience witnessing the slaughtering of captive prisoners. His horrific experience made him resign from the military and put himself into isolation.
42,Joy,John achieved his lifelong goal of getting the most prestigious award for one of his art pieces.
42,Sadness,We commemorated the closure of our store by leaving a time capsule buried somewhere inside.
42,Joy,We commemorated the closure of our store by leaving a time capsule buried somewhere inside.
42,Sadness,"We were about to reach our final destination. To be honest, I wish that our journey could be endless. I have a feeling that we may not see each other"
42,Joy,"We were about to reach our final destination. To be honest, I wish that our journey could be endless. I have a feeling that we may not see each other"
43,Sadness,"After his wife left him, he lost his job, and his dog passed, he was resigned to a life of eternal anguish."
43,Joy,"The music that was playing in the cafe was as delightful as a sunny, afternoon picnic with close friends."
43,Sadness,The sonnet the man made about his mother who had recently passed was so lovely that it had made it onto the newspaper.
43,Joy,The sonnet the man made about his mother who had recently passed was so lovely that it had made it onto the newspaper.
43,Sadness,"The outburst from the woman made all of the immediate onlookers sympathetic to her plight, due to her raw, honest emotions."
43,Joy,"The outburst from the woman made all of the immediate onlookers sympathetic to her plight, due to her raw, honest emotions."
44,Sadness,"The news caused my world to collapse, leaving me feeling lost and hopeless."
44,Joy,"The moment I laid my eyes on the acceptance letter from my dream school, an overwhelming feeling of elation and achievement washed over me."
44,Sadness,"We felt melancholic as we watched the beautiful sunset over the ocean, reflecting on the beauty of the moment and the fleeting nature of life."
44,Joy,"We felt melancholic as we watched the beautiful sunset over the ocean, reflecting on the beauty of the moment and the fleeting nature of life."
44,Sadness,Link’s quest to save Hyrule from calamity Gannon and rescue Princess Zelda from abduction was filled with heart-wrenching sadness and triumphant joy as he battled against the forces of evil to restore peace to the land.
44,Joy,Link’s quest to save Hyrule from calamity Gannon and rescue Princess Zelda from abduction was filled with heart-wrenching sadness and triumphant joy as he battled against the forces of evil to restore peace to the land.
45,Sadness,He was distraught by the horrors he saw during his time in the war.
45,Joy,"Pleased with her performance, Maggie was able to win the tournament and finally wear the first place medal she longed for."
45,Sadness,"Though Sandra was thrilled to be finally graduating after 4 years, she could not help but be worried about entering the job market."
45,Joy,"Though Sandra was thrilled to be finally graduating after 4 years, she could not help but be worried about entering the job market."
45,Sadness,"Though he was rejoicing that the stab wound looked like it was healing nicely, he was weary that there was an unknown infection."
45,Joy,"Though he was rejoicing that the stab wound looked like it was healing nicely, he was weary that there was an unknown infection."
46,Sadness,"Grief, I’ve learned, is really just love. It’s all the love you want to give, but cannot. All that unspent love gathers up in the corners of your eyes, the lump in your throat, and in that hollow part of your chest. Grief is just love with no place to go."
46,Joy,The pride of their accomplishment welled up within their hearts as the crowd cheered on.
46,Sadness,Her heart brimmed so fully with hopes and dreams it’s a wonder there was room for the pain.
46,Joy,Her heart brimmed so fully with hopes and dreams it’s a wonder there was room for the pain.
46,Sadness,I worry that someday I’ll forget the love I’ve lost.
46,Joy,I worry that someday I’ll forget the love I’ve lost.
47,Sadness,She abandoned me last night after saying some wretched things to me at the party.
47,Joy,"I was grateful to have met him, his youthful attitude helped me reinvigorate my own zest for life."
47,Sadness,The abandonment she had went through made her realize that she needed to find her own youth and zest again.
47,Joy,The abandonment she had went through made her realize that she needed to find her own youth and zest again.
47,Sadness,"She yelled urgently before I was able to leave, hoping to fin absolution from her wrongdoings."
47,Joy,"She yelled urgently before I was able to leave, hoping to fin absolution from her wrongdoings."
48,Sadness,Richard lowered his head in disbelief as he was wrongfully accused of robbing the bank.
48,Joy,The father looked at his son’s youthful enjoyment as he won the basketball game with his teammates.
48,Sadness,George flashed a heartfelt smiled as he listened to his favorite music for the final time before going deaf.
48,Joy,George flashed a heartfelt smiled as he listened to his favorite music for the final time before going deaf.
48,Sadness,"As Ray waved goodbye to his daughter Ashley going off to college, a weight was removed from his shoulders as he knew there were endless possibilities at this new destination, and Ashley was ready to experience it all."
48,Joy,"As Ray waved goodbye to his daughter Ashley going off to college, a weight was removed from his shoulders as he knew there were endless possibilities at this new destination, and Ashley was ready to experience it all."
49,Sadness,"The somber sycophant whimpers and weeps in their sterile house, unable to break their bonds to flattery."
49,Joy,"Loving, passionate sex always ends with a magical orgasm."
49,Sadness,It’s reclaiming – to build art and music from your pain.
49,Joy,It’s reclaiming – to build art and music from your pain.
